,polynomial_deg,MSE_test
0,1,0.5813779186582961
1,2,0.5042633290889723
2,3,0.46649310458045967
3,4,0.4709986299032063
4,5,0.5228751468276616
5,6,0.5488431168354114
6,7,0.694576951850025
7,8,1.2443808613844758
8,9,1.8284504859147332
9,10,2.3941037672102996
10,11,2.7636200025240947
11,12,2.8773957144977356
12,13,2.801355015623818
13,14,4.886623667159343
14,15,4.65678119051281
